Sum of GDP,Column Labels,,,,,,,,,,,,,,,,,,,,,,,,,,,,,,,,,,,,,,,,,,,,,,,,,,,,,,,,,,,,,,,,,,,,,,,
Row Labels,1990,1991,1992,1993,1994,1995,1996,1997,1998,1999,2000,2001,2002,2003,2004,2005,2006,2007,2008,2009,2010,2011,2012,2013,2014,2015,2016,2017,2018,2019,2020,2021,2022,2023,2024,2025,2026,2027,2028,2029,2030,2031,2032,2033,2034,2035,2036,2037,2038,2039,2040,2041,2042,2043,2044,2045,2046,2047,2048,2049,2050,2051,2052,2053,2054,2055,2056,2057,2058,2059,2060,Grand Total
AUS,420985.8961,414721.1119,427877.5497,446013.745,465608.7249,482911.8878,501071.5488,519037.3384,547056.5059,568424.2638,587597.4197,603570.3006,626521.4349,646925.9815,671256.0052,693391.4268,711472.3101,744814.84,763589.6377,775482.2798,792980.4314,813376.5975,842916.566,863550.1827,885749.6807,911549.2454,946475.8562,983554.1088,1020828.758,1058135.553,1095687.973,1133435.593,1171685.817,1210607.327,1250350.494,1290975.242,1331644.91,1373373.192,1416091.359,1459603.321,1503774.916,1547916.334,1592723.822,1638205.399,1684407.179,1731316.991,1777863.198,1825076.166,1872927.745,1921350.289,1970272.05,2018586.204,2067586.521,2117278.042,2167701.313,2218914.461,2269842.185,2321780.12,2374713.194,2428603.553,2483415.195,2538143.327,2593843.175,2650550.037,2708267.121,2766954.829,2826567.261,2887107.455,2948576.3,3010972.57,3074303.178,103010442.5
AUT,195240.1247,201727.8982,205675.6794,207339.755,212396.1508,218517.3015,222971.9078,228451.6062,237037.487,245173.9886,254691.1979,257186.1228,261077.6992,263498.0265,269203.1422,276649.4827,287228.6351,297722.7855,300357.9251,289971.6062,295425.2594,303935.3008,306039.1841,307354.4935,311829.6305,318504.1085,327001.493,335298.6485,343043.1363,350408.4642,357609.511,364711.0758,371820.094,379000.991,386293.9086,393724.1045,401307.7849,409060.2693,416985.2392,425073.8261,433314.1121,441695.1494,450204.9891,458828.5508,467545.0804,476333.88,485176.5261,494057.9782,502966.1895,511889.9893,520821.7453,529761.1041,538712.6858,547681.6472,556673.0996,565691.7989,574744.0427,583835.0831,592966.2283,602135.9261,611342.3583,620588.0727,629879.4957,639221.8161,648616.6546,658063.3461,667565.4413,677130.0342,686761.1093,696456.8837,706213.3788,29613419.44
BEL,250149.3163,254734.7391,258633.8486,256146.1192,264411.8814,270717.4628,274562.7357,284820.4126,290315.632,300592.0471,311643.6314,314140.7411,318411.0749,320978.2062,331485.3969,337311,346304.3426,356271.0847,359778.0839,349705.8163,357829.3127,364178.5987,363676.6126,364522.7896,370165.6705,376630.9591,383799.5142,391511.0972,399595.7473,408076.2332,416989.4954,426331.8646,436064.8047,446002.8809,456144.3575,466496.5343,477073.703,487901.3997,498995.5725,510354.3582,521968.9593,533828.5076,545921.2438,558046.5992,570193.697,582370.8316,594587.5739,606857.2795,619193.7415,631606.7525,644105.7885,656705.9714,669427.6111,682289.2258,695305.6034,708488.9557,721853.6199,735417.0892,749195.6783,763206.3457,777465.4664,791991.8922,806804.8529,821918.2313,837339.7388,853071.7574,869119.0565,885488.973,902184.4369,919202.1204,936537.0611,36645149.74
BRA,,,,,,,1277330.576,1320707.883,1321425.412,1324788.648,1381470.126,1399340.395,1436303.752,1452987.88,1536028.856,1584603.642,1646864.043,1746940.646,1837297.012,1831592.458,1969859.693,2023815.549,2044628.94,2091305.141,2128401.906,2174948.974,2237616.646,2302493.204,2366042.384,2428237.994,2489944.134,2552108.432,2615584.317,2681093.792,2749203.313,2820309.648,2894639.413,2972238.832,3052954.764,3136464.237,3222357.917,3310215.434,3399673.806,3490415.846,3582164.775,3674706.298,3767899.099,3861679.606,3956062.723,4051128.806,4147022.025,4243952.127,4342166.38,4441892.039,4543304.778,4646482.927,4751386.963,4857836.503,4965474.472,5073777.865,5182058.939,5289506.045,5395231.362,5498302.667,5597825.648,5692955.66,5782963.966,5867307.251,5945683.006,6018161.417,6085062.992,215514232
CAN,773384.3186,756986.8814,763454.2014,783360.2826,819034.1839,841463.396,855596.8535,891988.5688,928900.5294,975320.4663,1025286.929,1042598.001,1071809.827,1092445.379,1126735.132,1162375.425,1192850.372,1216806.711,1231108.792,1197727.622,1238142.01,1269444.919,1291139.61,1317079.603,1349458.422,1386212.171,1415076.197,1442842.979,1471372.067,1500984.83,1531657.679,1563309.763,1595901.385,1629444.784,1663666.468,1698391.55,1733646.52,1769473.771,1805878.865,1842820.647,1880255.698,1918150.002,1956513.747,1995364.379,2034715.94,2074569.483,2114929.737,2155816.529,2197251.071,2239239.681,2281788.924,2324927.395,2368716.898,2413206.632,2458424.486,2504383.073,2551096.324,2598594.475,2646888.755,2695973.695,2745832.147,2796455.201,2847856.692,2900035.032,2952967.675,3006611.035,3060929.535,3115912.445,3171542.07,3227802.424,3284691.114,128786620.4
CHE,231139.6105,229022.7957,228922.6371,228634.2323,231537.333,232650.7184,233778.3121,238552.572,245075.0577,248496.5436,257619.3189,260821.9176,261305.4028,261360.501,267688.3944,274902.4684,285215.5905,296184.178,302594.3618,296733.6213,305496.8236,310966.0795,314228.4043,320381.0583,326652.9371,334829.4415,342695.2578,350575.9038,358571.853,366687.2864,374898.5462,383175.4538,391493.01,399838.6994,408215.6532,416636.3909,425119.7386,433685.5788,442346.6393,451108.2377,459974.382,468950.1011,478039.2743,487241.8258,496550.8005,505957.1455,515451.044,525021.8036,534656.8868,544338.6719,554049.6583,563778.7554,573521.9076,583276.2466,593037.8477,602803.402,612574.4049,622357.8119,632161.0376,641990.6195,651853.2232,661758.7619,671718.9267,681741.84,691829.3974,701978.5699,712187.7606,722456.3815,732779.0458,743143.8516,753536.3208,31290556.27
CHL,,,,,,135109.7351,145068.3818,154643.1257,159680.3303,158515.0286,165581.1075,171125.0617,174833.1854,181750.901,194282.1325,206427.4255,218281.4261,229646.0137,236911.4702,234764.134,248113.5297,262333.4551,276629.5872,288319.8675,298685.7662,311350.0597,328672.499,347582.5313,367135.7727,387001.4201,407021.6071,427077.8131,447067.9052,466910.4431,486555.6855,505980.6147,525185.0693,544184.8229,563002.2443,581666.0294,600210.0304,618671.4862,637089.6247,655502.0724,673945.9236,692454.6352,711056.2492,729774.8261,748625.5434,767611.3852,786725.6345,805958.6015,825302.6335,844744.0904,864261.4043,883825.155,903403.6598,922968.6836,942490.4363,961939.5962,981285.462,1000499.407,1019556.649,1038435.456,1057122.275,1075608.565,1093894.24,1111987.081,1129900.385,1147658.319,1165294.236,38234899.93
CHN,1249322.659,1363997.195,1558240.031,1776393.636,2009101.202,2228093.233,2450902.556,2678836.494,2887785.74,3107257.457,3368267.083,3647833.251,3979786.077,4377764.684,4819918.918,5364569.755,6045870.114,6904383.67,7567204.503,8264461.777,9127849.193,9976728.691,10740203.15,11564104.62,12415720,13325588.7,14217032.08,15099104.34,15974175,16843997.92,17709685.38,18571708.39,19430179.47,20285254.71,21137374.55,21987555.58,22837736.17,23690868.44,24550611.12,25421158.8,26307247.69,27213856.46,28145653.24,29106136.48,30096921.88,31117404.7,32164511.37,33232621.67,34313941.83,35399061.85,36477854.12,37540646.23,38579267.31,39587350.81,40560776.82,41497784.96,42399087.06,43267661.11,44108231.69,44926899.76,45730396.87,46525479.86,47318172.22,48113248.18,48914182.75,49722574.21,50538243.15,51359516.2,52183507.22,53007381.57,53827698.23,1683839944
CZE,188605.6068,161795.6774,151461.1236,150038.2502,153969.8739,163111.9696,169899.2637,168395.2371,168025.5869,170560.6107,178323.8941,183823.524,187600.2848,194659.8916,203580.3927,217477.5508,233188.4539,246530.7176,253706.4863,242653.0225,248253.0279,252789.4157,250415.8868,248048.3651,251148.3136,257257.1155,267913.7094,279504.4227,291114.5662,302603.0544,313983.0778,325268.3034,336457.8607,347545.8365,358530.9003,369417.4387,380216.7268,390941.8519,401594.5232,412158.2394,422605.165,432901.1425,443009.2681,452894.8215,462533.2183,471910.8582,481025.5431,489890.1029,498527.943,506970.9005,515257.1767,523431.8079,531543.2746,539635.2966,547744.5147,555902.8391,564140.8263,572486.3044,580964.5725,589601.6119,598424.5945,607464.3889,616755.0275,626325.089,636191.4817,646366.2126,656865.7513,667712.2644,678919.8538,690483.6968,702390.4237,27383446.03
DEU,2060417.96,2167581.164,2200171.592,2177909.96,2232954.426,2272601.78,2291142.383,2332136.977,2370757.828,2412073.24,2491624.543,2532426.686,2533196.503,2523380.884,2540895.007,2562386.684,2661954.162,2752155.112,2774352.544,2633277.157,2734833.36,2827792.968,2853133.949,2868466.906,2924178.303,2984411.778,3014819.366,3041559.635,3070391.414,3101104.624,3133133.39,3165820.17,3198683.261,3231457.219,3264067.754,3296555.73,3329022.243,3361643.658,3394561.918,3427882.625,3461731.201,3496269.819,3531667.937,3568065.298,3605526.905,3644089.265,3683765.828,3724527.942,3766298.167,3808912.231,3852184.365,3895965.308,3940141.629,3984614.799,4029302.133,4074142.456,4119111.579,4164198.735,4209380.516,4254616.511,4299867.956,4345126.805,4390403.895,4435686.197,4480914.901,4525996.498,4570851.455,4615412.448,4659581.371,4703217.469,4746168.716,237334657.2
DNK,130796.7322,132497.6482,135115.0869,134994.017,142452.8559,146819.5222,150981.1845,155810.2449,159176.2217,163252.0873,169012.6876,170203.9459,170996.7211,171652.9434,175595.0501,179888.4924,185995.3061,188939.9828,187459.0881,176837.0645,179289.6619,181210.25,180560.1976,181275.4415,183857.321,187090.8651,190457.8382,193707.8998,196912.01,200179.5845,203586.898,207171.5216,210943.559,214899.1922,219030.3232,223327.9261,227785.6213,232399.0466,237161.0804,242061.3574,247090.8776,252244.0338,257517.7006,262909.968,268419.6332,274047.5811,279796.1158,285667.8924,291664.7159,297785.6161,304029.0816,310396.2108,316890.5027,323512.8617,330258.6058,337119.2435,344086.1299,351152.0876,358308.6807,365546.2385,372854.1871,380223.4171,387646.3172,395115.522,402625.3786,410171.1662,417752.1877,425371.1195,433030.6919,440733.4884,448482.241,17893833.97
EA15,,,,,,7644645.536,7765078.74,7974670.779,8194931.802,8428635.111,8763889.426,8944585.097,9032555.279,9105837.7,9289079.334,9460934.952,9783777.326,10080006.67,10109300.57,9663755.873,9844320.406,9999808.321,9935253.318,9895945.534,10015340.41,10182211.47,10394717.46,10611402.1,10822085.73,11029494.94,11238345.63,11450810.36,11668215.55,11891175.99,12120040.73,12354723.62,12594584.75,12837267.05,13081166.04,13325856.5,13571050.01,13816506.06,14061956.35,14307056.34,14551465.77,14794835,15036948.53,15277910.64,15517864.85,15756886.25,15995090.12,16232783.41,16470472.72,16708627.26,16947633.52,17187846.59,17429695.52,17673703.91,17920272.28,18169617.33,18421865,18677202.7,18935919.41,19198150.47,19463768.16,19732482.93,20004083.56,20278523.95,20555657.73,20835191.79,21116817.46,894182335.7
ESP,768408.1,787948.74,795281.918,787078.6699,805828.681,828055.1896,848349.0897,881258.2258,920632.4957,964209.0147,1012504.128,1049657.268,1078104.895,1111412.317,1147636.582,1188763.816,1237220.47,1280265.672,1291681.74,1242179.791,1239679.74,1240303.372,1219944.338,1205029.923,1217466.232,1236106.728,1265165.827,1293388.28,1318377.713,1341135.435,1363052.143,1385185.606,1408242.005,1432694.585,1458900.442,1487043.769,1517065.95,1548222.747,1579856.119,1611925.415,1644390.367,1677199.825,1710283.983,1743549.933,1776903.413,1810014.252,1842579.543,1874534.461,1905864.845,1936608.021,1966839.156,1996672.335,2026254.087,2055719.177,2085184.502,2114764.049,2144587.423,2174804.304,2205532.708,2236825.176,2268704.98,2301203.976,2334387.656,2368305.54,2402958.907,2438332.007,2474434.438,2511323.448,2549051.397,2587648.904,2627147.068,113187873.1
EST,,,,,,11404.10503,12075.79495,13493.05332,14411.88842,14372.79566,15766.55079,16756.94944,17856.27713,19242.88611,20463.431,22275.16017,24524.35957,26361.77459,25267.40366,21705.11945,22261.85379,24389.62502,25350.3097,25560.88111,25863.47427,26655.39691,27830.12586,29057.67171,30239.17424,31361.16724,32429.76057,33452.9684,34438.17044,35392.51039,36324.01694,37241.51784,38138.99491,39021.62226,39899.02833,40778.92579,41667.64857,42570.26347,43490.30475,44429.74418,45389.04086,46367.56698,47363.75194,48375.0621,49398.41639,50430.38514,51467.41304,52506.05274,53542.48058,54572.77996,55593.75269,56602.84805,57598.42803,58579.74624,59546.86572,60501.26118,61445.29792,62382.15745,63315.36914,64247.99655,65182.1982,66119.45396,67061.38703,68009.8306,68965.79573,69928.61387,70896.99699,2659213.655
FIN,115318.9275,108399.9416,104622.2544,103773.0235,107564.6149,111826.8129,115819.4817,123006.9273,129194.3339,134243.7283,141390.5306,144619.5333,147272.043,150235.7947,156433.8969,160994.5023,168096.383,177064.6465,177584.4529,162421.2958,167883.5405,172625.9711,170885.7964,168527.4158,168893.8047,170831.778,175733.386,181224.7075,186707.7405,192081.5779,197326.0334,202448.8118,207460.1986,212368.0964,217183.173,221920.7995,226600.9654,231249.6385,235887.6163,240525.6483,245170.3447,249826.691,254498.8254,259186.7532,263884.8653,268586.1322,273284.0773,277974.7001,282655.8123,287325.5368,291983.1793,296631.22,301275.451,305920.7824,310572.263,315234.9333,319914.5201,324616.5997,329344.1232,334098.828,338880.6649,343689.2278,348524.5313,353383.8116,358262.4046,363153.1962,368050.1279,372950.6224,377852.2921,382754.7673,387660.4023,16475397.51
FRA,1414492.539,1429601.927,1449151.748,1439762.939,1471619.259,1503268.72,1519130.815,1551983.526,1604847.429,1655882.091,1719773.432,1750761.16,1767184.266,1782729.033,1824452.863,1858219.653,1908124.711,1950945.654,1947164.787,1887431.208,1918564.062,1957418.939,1958304.86,1964263.705,1982374.367,2012985.776,2067430.321,2125278.461,2181913.658,2237657.171,2293585.087,2350479.041,2408749.546,2468540.968,2529854.36,2592588.471,2656429.519,2720368.64,2783993.4,2847075.065,2909408.559,2970847.64,3031322.859,3090794.467,3149230.591,3206625.673,3263001.694,3318430.425,3372992.44,3426749.479,3479769.51,3532165.647,3584112.873,3635782.106,3687328.879,3738892.511,3790613.018,3842648.598,3895129.355,3948161.329,4001827.125,4056201.357,4111357.371,4167309.807,4224002.588,4281324.564,4339157.747,4397404.232,4455932.841,4514582.885,4573187.787,195490679.1
GBR,1283566.496,1266977.172,1283381.087,1328177.344,1393967.424,1443221.744,1493609.12,1558587.52,1614182.837,1661613.279,1734097.322,1771985.366,1812655.922,1884236.266,1944025.953,2006911.289,2062201.71,2132878.356,2116466.201,2007036.268,2040348.136,2063146.611,2068876.445,2103266.433,2170590.648,2228596.369,2286850.01,2349268.496,2416141.744,2486609.31,2559593.868,2634143.081,2709570.556,2785454.954,2861626.601,2938100.766,3015038.198,3092687.321,3171286.42,3251034.398,3332118.133,3414720.818,3499012.886,3584914.94,3671444.215,3758108.883,3844769.652,3931342.673,4017762.47,4103948.059,4189829.981,4275394.548,4360707.689,4445841.852,4530864.464,4615836.482,4700835.744,4785981.89,4871384.546,4957155.455,5043395.593,5130211.536,5217722.54,5306002.563,5395082.85,5484952.186,5575607.495,5667074.541,5759336.332,5852324.588,5945952.069,228301646.7
GRC,,,182692.2983,179769.2215,183364.606,187214.7489,191630.0253,198600.7748,205281.0763,212300.4403,221805.9923,231115.5771,239064.5833,253274.0813,264336.0911,270362.6692,285262.9122,295355.4331,294722.3891,285479.5768,271369.97,252089.579,234492.2513,225452.3122,224699.6648,228897.2328,241078.765,253799.1286,265433.9578,276109.7907,286184.9062,295911.3652,305420.1767,314769.5399,323996.1861,333139.1556,342248.8606,351399.3622,360557.8775,369677.6912,378806.0468,387934.0062,397011.3585,405960.0644,414552.758,422718.0374,430439.4562,437719.8954,444574.9018,451029.776,457116.4838,462873.8925,468346.9805,473578.1955,478606.5711,483469.5242,488205.5323,492854.7083,497450.363,502014.4725,506563.0005,511112.1586,515681.7938,520285.7073,524925.1424,529594.4548,534289.2581,539011.4288,543762.8604,548543.4223,553354.4399,24740746.96
HUN,,,,,,120909.9985,120983.1202,124887.9889,129958.1858,134073.679,139688.1088,145029.9517,151562.8549,157357.48,164680.3045,171395.4015,178148.5019,178365.2852,179709.1056,167710.4267,169451.8011,172118.5544,169158.2178,171226.5054,174639.7099,177471.2338,180545.0143,183688.9719,186890.193,190165.0535,193527.3596,196989.1203,200565.8022,204273.8653,208082.7753,212012.2904,216082.8417,220312.092,224710.2139,229228.8321,233858.6752,238608.0156,243480.8059,248477.39,253597.6714,258840.6525,264202.7616,269677.0429,275254.0986,280922.7949,286670.7502,292486.1148,298356.9708,304269.0117,310205.4584,316149.0587,322085.9036,328007.4812,333908.8415,339789.2817,345652.0635,351505.7863,357363.2269,363237.9855,369142.4159,375089.2952,381096.2234,387185.3587,393377.9627,399689.4335,406133.19,15973922.56
IDN,370233.9275,403287.3966,429598.3422,463774.7682,498743.2411,539740.664,581937.5485,609288.0555,529308.3444,533495.9825,559744.2056,580138.2979,606241.4779,635222.0583,667179.2793,705158.9355,743949.3885,791153.1428,838730.7391,877554.5407,932172.3073,992629.4949,1054804.536,1115785.151,1179371.396,1253206.156,1327120.401,1404118.541,1485238.739,1570712.123,1660510.639,1754537.144,1852686.432,1954845.69,2060880.49,2170645.98,2284005.935,2400824.984,2520953.757,2644230.289,2770507.952,2899671.559,3031651.114,3166403.628,3303905.069,3444177.89,3587317.062,3733518.52,3883073.339,4036348.061,4193771.173,4355816.927,4522944.723,4695584.672,4874133.922,5058914.741,5250129.629,5447775.988,5651635.703,5861293.601,6076128.175,6295331.985,6517930.778,6742771.544,6968576.923,7193923.383,7417307.431,7637239.392,7852341.024,8061570.206,8264137.792,208379594.4
IND,1035471.32,1090197.934,1105792.715,1165106.207,1231299.512,1310038.064,1413867.092,1478841.05,1565757.963,1675232.697,1766696.22,1838956.746,1921654.955,2056163.326,2227475.783,2430417.517,2656237.854,2920309.965,3098305.077,3259866.734,3622118.903,3903824.33,4094437.725,4277731.382,4488013.173,4751390.612,5039874.438,5340142.414,5654611.045,5986322.429,6337715.396,6710577.029,7106167.02,7525416.056,7969024.185,8437521.017,8931324.487,9450724.845,9995793.907,10566379.64,11162211.58,11782946.37,12428143.2,13097241.56,13789558.34,14504379.41,15241070.78,15999246.97,16778700.17,17579309.17,18401048.67,19244048.84,20108534.63,20994731.62,21902830.44,22832997.96,23785430.74,24760279.98,25757520.39,26776861.03,27817822.21,28879890.16,29962561.58,31065084.7,32186274.82,33324548.02,34478186.67,35645504.14,36824685.57,38013835.61,39211023.28,901773307.4
IRL,62030.35995,63227.3223,65341.18508,67100.56782,70962.76042,77799.61245,85347.72926,94967.89333,103452.7816,114795.185,127024.967,133356.3509,140614.3831,145883.7381,152021.5373,161264.5671,170139.1189,178581.8408,174682.8811,163498.8812,161743.2562,165252.2421,165505.037,164949.5591,168026.8905,171657.9508,177317.4265,183113.7937,188612.0179,193983.0309,199457.499,205179.2515,211206.7618,217541.4567,224154.6309,230985.994,237960.3906,244932.381,251843.1895,258637.2729,265263.9786,271679.9031,277849.77,283744.6521,289342.8666,294630.0929,299599.471,304253.9946,308605.3089,312675.2817,316493.2166,320095.6394,323526.4669,326833.4475,330070.2159,333291.9303,336553.6856,339909.1373,343403.89,347072.4761,350940.7571,355028.6205,359350.0513,363906.7116,368682.2473,373648.688,378774.5133,384030.6642,389390.8684,394835.8436,400354.1551,16717992.24
ISL,6531.131976,6516.53323,6296.672297,6379.375905,6609.598519,6617.304234,6933.946372,7274.624306,7734.143781,8050.783046,8398.952102,8728.32525,8740.4439,8953.212758,9654.767272,10352.80155,10840.31956,11489.11119,11625.60878,10862.75912,10417.51815,10694.12336,10850.57406,11204.6196,11503.3468,11866.95748,11991.9118,12110.59113,12254.42074,12429.42666,12634.0138,12864.78107,13118.48723,13392.5061,13684.83475,13993.97112,14318.91473,14659.04358,15013.68905,15381.96438,15763.02562,16156.22431,16560.73628,16974.68019,17393.03126,17811.62779,18229.35594,18645.46045,19059.33041,19470.34218,19877.94743,20281.86728,20682.25282,21079.2929,21473.1429,21863.95492,22252.05863,22638.14202,23022.9209,23407.08826,23791.26956,24176.11063,24562.3357,24950.47154,25340.82448,25733.50345,26128.6593,26526.60858,26927.60343,27331.88621,27739.81271,1098827.679
ISR,,,,,,118421.4928,124851.7495,128827.5202,134298.7414,138720.3267,150734.2982,150459.876,150356.7059,152576.7217,160051.6976,167922.4564,177658.6434,189954.7645,199454.0517,201260.0301,212309.7552,222019.803,229307.9122,237052.1561,244653.7902,253244.5874,261123.0995,269121.773,277381.9069,285918.3679,294723.627,303794.1024,313133.1884,322751.7162,332665.4414,342888.8853,353433.9779,364308.0656,375503.6918,386996.1489,398753.8167,410744.3193,422935.7398,435297.0957,447799.4436,460418.2427,473134.8297,485914.5251,498748.5462,511657.2542,524670.8766,537829.972,551183.0278,564778.6352,578665.4283,592887.1762,607479.7121,622464.6367,637847.5453,653623.2168,669780.1001,686307.5462,703200.3086,720451.7854,738052.3327,755990.9811,774263.2912,792874.5246,811829.1962,831128.5458,850773.3694,26979367.09
ITA,1346834.373,1367471.681,1377035.571,1365221.623,1396365.816,1437716.732,1452095.666,1479868.17,1499375.764,1520647.286,1579844.185,1607588.855,1614762.516,1615206.675,1640359.157,1658212.952,1695843.142,1722054.432,1702056.068,1607915.091,1634975.726,1644416.381,1605073.722,1575461.382,1583712.582,1601474.779,1629795.184,1660177.962,1690145.242,1720704.838,1753072.896,1787313.453,1823610.128,1862063.167,1902596.846,1944888.393,1988480.997,2032516.205,2076313.362,2119727.646,2162666.138,2205088.761,2246999.296,2288427.486,2329436.282,2370124.956,2410615.416,2451047.87,2491557.87,2532256.717,2573250.611,2614665.936,2656655.652,2699345.531,2742812.83,2787110.747,2832295.587,2878446.656,2925622.024,2973844.437,3023124.09,3073488.408,3125005.081,3177730.839,3231691.597,3286903.45,3343410.356,3401302.689,3460650.8,3521483.005,3583810.749,153723868.5
JPN,3276514.592,3385437.102,3413164.111,3419002.763,3448529.266,3515511.547,3607269.091,3664826.924,3591415.023,3584088.817,3665133.38,3678168.753,3688818.302,3750980.217,3839532.094,3889550.47,3955398.189,4042107.708,4000003.198,3778922.513,3954720.339,3936815.498,3993781.344,4055263.487,4102489.597,4153567.418,4180767.313,4207533.088,4239478.543,4276710.143,4318234.126,4363145.456,4410917.152,4461319.026,4514247.827,4569634.819,4627425.032,4687532.265,4749716.531,4813565.723,4878613.067,4943825.573,5007900.478,5070831.318,5132656.584,5193429.261,5253188.898,5311989.899,5369880.657,5426943.088,5483320.335,5539277.622,5595241.385,5651659.989,5708980.594,5767656.274,5828187.941,5891175.248,5957180.848,6026671.456,6100026.792,6177578.031,6259655.736,6346451.624,6436518.909,6528795.871,6622003.765,6715766.991,6809696.734,6902928.1,6995517.503,340744789.4
KOR,491489.9711,539227.7253,570315.3209,606412.8425,659606.6104,718513.8677,770145.4635,814557.6083,768014.6599,850427.3576,925246.1785,967116.2937,1038996.691,1069472.728,1121875.186,1165894.061,1226242.413,1293236.897,1329825.342,1339234.102,1426241.377,1478751.143,1512649.889,1557592.384,1619242.8,1687187.708,1748435.844,1808173.117,1867937.879,1928046.495,1988401.911,2048784.982,2108969.479,2168769.048,2228076.759,2286822.186,2344952.065,2402444.791,2459291.331,2515511.386,2571135.332,2626204.369,2680784.28,2734949.834,2788780.955,2842353.654,2895739.415,2949012.604,3002226.033,3055386.528,3108469.182,3161435.614,3214255.279,3266895.318,3319308.371,3371451.937,3423307.455,3474898.213,3526263.696,3577428.532,3628422.72,3679296.926,3730129.959,3781008.47,3831997.32,3883155.378,3934540.568,3986203.407,4038181.205,4090491.971,4143144.372,161768992.8
LUX,16304.49943,17713.89143,18036.22274,18793.86097,19511.95959,19791.40993,20092.2758,21287.65655,22668.02384,24577.64069,26646.07124,27320.32713,28438.46339,28916.98656,30190.01059,31775.21442,33332.63769,35520.25643,35258.90378,33287.40507,34320.53418,34979.91122,34922.37821,35671.30538,36658.05848,37561.86153,38908.67095,40229.36942,41439.67534,42558.47855,43619.78,44649.30219,45662.40404,46667.22356,47668.54236,48668.89311,49669.41499,50670.86919,51672.92784,52674.68732,53675.44547,54674.96945,55673.47176,56671.45677,57669.81921,58669.95754,59673.74269,60683.38217,61701.28336,62729.69067,63770.6734,64826.16306,65897.17792,66983.55353,68084.03119,69196.9417,70321.12759,71456.42419,72602.76946,73759.69795,74926.48568,76102.5877,77287.57038,78480.50105,79679.71553,80883.01684,82088.56352,83295.08954,84501.58845,85707.71644,86913.80348,3526926.423
MEX,877271.7508,914061.0229,946687.0059,965142.6054,1010653.223,952375.971,1005707.125,1078406.706,1129413.267,1159494.651,1217895.319,1213650.843,1215253.545,1232653.443,1282226.653,1323992.566,1390100.041,1433644.408,1450396.618,1385531.66,1456545.274,1514382.903,1569927.673,1590656.238,1644066.485,1711549.853,1762777.482,1811027.876,1859840.709,1910190.65,1962329.551,2016379.077,2072516.982,2130823.838,2191311.989,2254401.572,2320551.243,2390235.1,2463888.512,2541888.732,2624555.523,2712143.078,2804827.341,2902695.54,3005753.853,3113926.144,3227054.872,3344911.915,3467217.105,3593666.241,3723936.547,3857712.237,3994697.41,4134597.568,4277132.205,4422032.558,4568869.156,4716912.795,4866058.341,5016213.987,5167305.184,5319298.203,5472207.1,5626062.846,5780904.419,5936773.739,6093741.627,6251900.399,6411336.565,6572147.787,6734438.073,202100880.5
NLD,393311.5469,402952.8542,409362.1641,414536.0385,427005.3436,440893.1117,455402.5036,475158.3112,493502.352,516233.4723,536954.6383,547620.4531,548050.1213,549806.7387,561056.2326,573192.9634,592936.4948,616121.8357,627029.8271,604137.9998,613010.3685,619269.0155,611440.1266,606700.3845,612504.4418,620347.36,638637.3751,658393.7597,677593.8298,696273.3759,714784.9578,733252.3536,751675.8916,770094.4278,788516.9292,806940.894,825362.2425,843792.3099,862236.6911,880697.8084,899186.1119,917721.9984,936330.0612,955031.7656,973840.6884,992769.9474,1011835.051,1031055.576,1050447.452,1070009.722,1089737.732,1109638.143,1129730.131,1150029.72,1170541.287,1191261.862,1212190.931,1233331.056,1254677.035,1276213.266,1297916.793,1319765.943,1341739.118,1363806.588,1385930.44,1408065.935,1430175.694,1452230.407,1474199.494,1496053.477,1517766.705,61660019.68
NOR,161557.5163,166574.671,172443.2228,177248.4702,186202.1219,193997.1754,203890.676,214885.5588,220650.4872,225120.3718,232444.8068,237070.6717,240631.5466,242991.9772,252616.9495,259157.0203,265114.6187,272148.0159,272331.9597,267879.5275,269160.3913,272770.3509,280670.5152,282434.4918,288196.7801,295194.7554,305738.5867,315795.058,325343.4308,334429.1408,343111.7656,351454.7709,359523.9664,367385.2235,375102.8461,382734.8439,390332.4043,397938.1536,405580.4366,413272.426,421019.3037,428822.6887,436682.5648,444597.2327,452563.7475,460580.6045,468648.6916,476771.359,484952.3117,493191.7937,501489.9609,509850.7151,518281.4297,526788.1073,535372.2841,544033.0541,552770.4594,561586.356,570481.8213,579457.0408,588511.7943,597647.7378,606868.2255,616176.422,625575.8618,635069.9138,644664.7072,654368.3427,664186.9946,674123.6986,684179.8912,28180442.82
NZL,64186.02022,62587.24357,63201.08044,66160.56774,70603.68865,73679.09698,76438.63994,78885.42952,79572.39778,83427.35561,86667.69856,88549.66485,92871.41877,96952.77271,101200.6172,103892.4748,106244.3491,109846.4591,109108.1432,109802.8914,111800.7788,113138.1496,116449.29,119366.7656,123521.4568,127537.3442,130538.397,133536.767,136761.7438,140221.5007,143871.8487,147666.5849,151570.7669,155560.53,159621.8539,163747.5031,167935.6776,172188.4227,176507.0175,180890.4455,185337.8493,189849.7962,194429.0505,199079.1779,203803.7842,208606.5505,213490.7024,218458.8753,223511.9478,228648.0293,233864.5548,239161.0066,244540.777,250006.3929,255557.3226,261191.106,266905.4923,272700.5512,278575.7336,284529.4478,290558.9602,296661.7514,302836.646,309081.4582,315393.3597,321768.6033,328204.6405,334701.2647,341258.45,347877.6468,354562.0198,12791463.8
OECD,,,,,,27215355.16,28072582.07,29124720.71,29927048.26,30929236.29,32202410.18,32615444.36,33160201.48,33874495.88,34989144.77,35992071.81,37129575.88,38141564.16,38222710.61,36894960.37,37999116.3,38736170.86,39328759.81,39852989.33,40759176.68,41890237.14,43039481.74,44164405.37,45271903.85,46376419.82,47489187.8,48615280.55,49757828.95,50918529.31,52098402.1,53298553.91,54519162.03,55760673.22,57022138.2,58299464.03,59587406.16,60883635.94,62187121.63,63496997.93,64811291.55,66128384.12,67446165.81,68765227.51,70085257.11,71405727.35,72726260.21,74046216.47,75368244.13,76693618.67,78023348.34,79358262.34,80698139.35,82045268.67,83400893.05,84765759.01,86140271.68,87524047.93,88919125.44,90326013.28,91743005.24,93168270.95,94600031.89,96037925.13,97481398.9,98929320.05,100381663.3,3910863702
POL,311825.8744,289949.4844,297241.652,308353.4673,324674.006,347244.8773,368909.8234,395052.2868,414732.3909,433495.9121,451961.8595,457409.1936,464011.7261,481955.341,507714.5217,526078.7632,558840.291,596758.8553,627352.1926,637567.1812,662271.2108,692210.9236,705630.5285,716567.9442,737715.5775,762923.8896,785002.4361,806343.638,827236.8794,847669.1237,867567.3622,886875.6949,905577.9292,923695.8737,941288.7271,958433.6566,975218.811,991729.988,1008023.314,1024108.709,1039974.461,1055600.433,1070960.588,1086020.164,1100731.462,1115050.927,1128946.438,1142400.803,1155412.594,1167989.267,1180142.569,1191882.143,1203196.662,1214058.288,1224438.038,1234315.403,1243691.709,1252597.579,1261076.303,1269179.858,1276964.657,1284495.344,1291840.576,1299058.678,1306190.643,1313266.386,1320320.03,1327395.29,1334527.113,1341730.739,1349020.009,63609697.07
PRT,161502.1751,168556.9236,170393.3116,166911.7042,168522.1322,175739.565,182221.7195,190252.0104,200027.9178,208175.3604,216326.6416,220598.5539,222284.8837,220259.6103,223696.3905,225430.2066,228695.098,234104.5472,234084.6428,227276.6247,231677.6313,228780.5448,221389.7541,218365.8481,220831.2376,224009.1644,229058.9988,233819.8112,237761.75,241149.358,244339.3443,247614.5213,251176.113,255168.1325,259631.3543,264619.36,270179.7696,276352.185,283160.2683,290579.5109,298541.6496,306927.7305,315518.4658,324240.409,333034.203,341851.786,350654.7527,359416.5638,368118.749,376750.4316,385306.6938,393789.5672,402207.5464,410567.566,418873.7249,427129.0864,435339.6099,443516.7788,451668.7142,459796.2394,467896.9653,475970.7287,484023.5906,492059.0806,500074.0286,508061.8932,516019.8223,523953.8669,531871.5654,539782.7303,547701.169,22165390.39
RUS,,,,,,1319616.404,1272007.723,1289575.998,1220649.913,1298174.609,1428584.781,1501315.735,1572534.885,1686592.463,1807621.489,1922878.81,2079659.429,2257160.035,2375614.741,2189820.644,2288444.158,2386027.462,2468000.57,2500545.753,2512358.768,2557850.982,2656458.789,2761280.132,2860897.469,2955103.458,3046064.264,3135809.237,3225780.531,3316913.801,3409761.887,3504589.496,3601431.271,3700089.94,3800104.135,3900750.162,4001090.183,4100000.682,4196182.33,4288131.339,4374044.456,4452657.969,4522867.35,4583779.306,4634861.64,4676047.116,4707816.358,4731241.208,4747942.664,4760030.623,4770021.451,4780691.98,4794918.138,4815471.785,4844872.353,4885264.254,4938270.588,5004891.199,5085419.408,5179400.703,5285675.476,5402406.04,5527207.573,5657329.235,5789811.767,5921752.073,6050411.364,237320578.5
SVK,,,,50981.21747,54144.87236,57308.82547,61286.83697,64802.02734,67628.013,67653.53779,68579.30335,70967.22779,74219.57949,77763.58448,81696.71434,87133.80818,94405.47963,104312.3299,110310.787,104866.2651,109506.9541,112773.8246,114805.2254,115885.3429,118237.1359,121626.8475,126171.6668,131050.7991,135887.4977,140595.8094,145164.15,149591.47,153878.8143,158030.6963,162057.4193,165973.0063,169792.3898,173532.1969,177202.8982,180801.957,184322.0158,187760.8982,191114.5443,194377.7349,197544.7943,200611.7634,203576.7297,206439.6443,209203.003,211871.7591,214452.5978,216953.5154,219380.3712,221736.7133,224025.3108,226249.3837,228414.8365,230530.8367,232607.8095,234657.1764,236691.3935,238725.0254,240773.7202,242850.8178,244964.7023,247121.2009,249327.6592,251593.4198,253925.882,256327.0586,258797.296,11117556.12
SVN,32732.36595,29819.15029,28189.92172,28991.47903,30535.99646,31790.15881,32949.77612,34583.20657,35798.77845,37705.28375,39313.61427,40469.2905,42017.98982,43249.13771,45152.88124,46962.27275,49709.37909,53169.26642,54968.13694,50602.036,51238.83653,51602.04791,50289.77269,49733.28526,49898.92,50509.75305,51969.33898,53498.97151,54943.17587,56295.58466,57596.67373,58869.10558,60127.17773,61384.09751,62650.80707,63936.99902,65251.52264,66603.56214,67999.92902,69444.06309,70937.43691,72479.89326,74069.24269,75701.42097,77370.7656,79070.85283,80794.91713,82535.86313,84286.67431,86040.47537,87790.95395,89532.91203,91261.57897,92972.02019,94659.31413,96319.55995,97951.58148,99558.15813,101144.1969,102714.1867,104271.6679,105825.7362,107385.3101,108956.8221,110542.8893,112143.4706,113758.0394,115386.7936,117025.4318,118666.8915,120307.7323,4914016.535
SWE,210154.2513,207745.9364,205339.0071,201097.4909,208906.5555,217570.2182,221121.6584,227538.9677,236901.6,247346.3234,258710.6697,262331.6321,268884.7064,275531.7575,285837.8113,294858.3608,308262.4616,318826.3659,316393.1833,300644.9109,319542.5755,329136.0739,333260.1819,338281.5196,347674.3582,358595.7766,369528.9836,380653.4271,392019.2008,403602.6416,415340.1206,427157.4599,438989.1422,450787.3865,462524.0636,474188.1041,485783.9832,497325.6209,508824.5353,520286.4138,531717.3074,543125.2183,554516.1663,565891.8627,577248.3087,588580.5908,599884.1391,611155.2294,622389.8864,633580.7086,644720.8281,655809.5308,666850.5401,677844.5984,688786.8005,699668.1967,710481.2519,721221.5584,731886.1604,742479.1421,753008.6155,763489.0402,773940.1641,784384.6517,794852.285,805375.8967,815995.2879,826753.4729,837685.238,848809.4001,860134.81,34959772.32
TUR,436221.3522,440263.0029,466609.6018,504134.442,476630.565,510906.1107,546696.7157,587856.418,606032.1406,585637.0746,625310.7965,589683.861,626031.0285,658993.2234,720693.4908,781243.4038,835098.3346,874085.5631,879844.3754,837384.1837,914063.0592,994251.504,1015403.813,1056524.49,1085599.245,1128659.579,1201447.064,1276773.893,1348242.307,1416002.613,1481646.119,1546664.871,1612129.616,1678716.258,1746797.099,1816519.933,1887897.692,1960853.302,2035228.991,2110810.626,2187362.984,2264650.215,2342447.454,2420538.407,2498724.039,2576819.463,2654649.091,2732046.491,2808858.513,2884953.93,2960215.393,3034548.194,3107884.245,3180166.36,3251361.563,3321446.914,3390417.188,3458293.699,3525105.243,3590896.54,3655724.648,3719674.694,3782869.098,3845442.845,3907533.214,3969277.608,4030828.627,4092346.659,4153972.831,4215819.008,4277977.085,143746440
USA,8228971.586,8222946.186,8515293.075,8749041.799,9102217.631,9349672.99,9704550.652,10140035.29,10591296.35,11104536.25,11558810.01,11668532.09,11875764.45,12207207.45,12670818.28,13095425,13444645.23,13685293.26,13645530.22,13263170.3,13595648.19,13846806.18,14231649.86,14498952.24,14898390.04,15423341.29,15928726.78,16401208.73,16854354.14,17299338.69,17743024.72,18189111.76,18639480.8,19095176.81,19556981.03,20025622.59,20502007.85,20987133.75,21481322.77,21981213.9,22482235.6,22983846.03,23485733.75,23987555.49,24488755.99,24988765.83,25487156.55,25983742.68,26478464.86,26971186.52,27461838.64,27950684.53,28438332.01,28925352.82,29412140.98,29898935.47,30386016.23,30873747.13,31362302.1,31851655.32,32341599.47,32831958.02,33322633.33,33813350.04,34303649.32,34792848.27,35280356.67,35765757.58,36248676.59,36728931.11,37206576.14,1498538035
WLD,,,,,,,36093469.19,37573020.03,38549989.74,39957331.41,41825369.31,42695882.75,43763215.43,45240262.85,47292946.92,49335411.51,51724575.31,54279353.6,55555641.61,54942707.89,57674147.86,59879891.1,61665771.43,63408258.96,65544340.43,68077321.22,70750530.66,73424803.06,76088241.07,78758106.67,81452489.94,84182317.41,86954887.95,89774907.05,92645669.84,95570319.4,98551380.51,101592045.1,104694020.2,107855646.3,111074203.2,114349865,117683606.5,121075125.2,124520756.9,128015626.9,131552360.3,135124485.7,138723278.2,142338984.1,145962169.9,149584592.5,153203582,156817410,160426667.4,164034207.4,167644197.9,171265055.9,174904993.2,178572002.5,182273170.9,186013751,189799634.9,193632574.4,197509456.5,201423864.8,205366945,209329612.8,213301395.1,217272061,221232567.2,7361402478
ZAF,280709.6744,277851.3287,271913.5442,275267.736,284170.191,293023.9958,305643.6481,313733.484,315356.6478,322793.142,336203.7694,345400.4928,358069.1908,368628.9177,385418.2817,405757.2554,428494.7465,452266.5934,468648.1553,461495.7333,475986.5289,493118.6121,505283.2047,514836.2102,527951.073,544980.742,575266.5736,608345.9482,641774.6751,675421.9234,709685.5175,744955.196,781487.3309,819413.3626,858769.275,899526.9775,941622.3337,984966.611,1029442.887,1074908.235,1121202.012,1168151.63,1215580.122,1263300.436,1311117.932,1358840.109,1406287.426,1453306.46,1499774.711,1545604.442,1590745.229,1635189.473,1678965.565,1722126.537,1764744.758,1806901.941,1848683.433,1890163.57,1931394.839,1972406.42,2013203.662,2053775.661,2094094.962,2134104.581,2173713.823,2212806.73,2251265.283,2288980.874,2325842.667,2361736.393,2396552.608,76849154.03
Grand Total,26845682.58,27332380.28,28276934.78,29019050.22,30169706.31,67765868.21,107305401.2,111488115.2,114439302.1,118506181.6,123835045.3,126184341.5,128990764,132672451.6,138003958.4,143193876,149368580,155714702.7,158296163.6,155281176.4,161933131.6,167128185.3,171165902.5,175074491.4,180329850.5,186647973.1,193277580.5,199880500.5,206436873.8,213000237.1,219622816.5,226333384.3,233150646.5,240086079.1,247147528.5,254342299.5,261675048.9,269150372.2,276769323.2,284524322.3,292404682.9,300408485.1,308536689.9,316787806.7,325152518.2,333619396.5,342171593.6,350797003.9,359478071.7,368194824.5,376928038,385660703.7,394390364.2,403114990.9,411836809.8,420562353.1,429299808,438068486.1,446886181,455769640.8,464733459.7,473787924.5,482947215.5,492215663.8,501585484.6,511042103.7,520566266.4,530139864.1,539741721.9,549350330.1,558947597.5,19525492310
